{
  "OMPSRJ": {
    "Data": [
      {
        "omspo": {
          "oponbr": "#0#",
          "xrefponbr": "#0#",
          "basediv": "1",
          "dcnbr": "32610",
          "dccc": "US",
          "vndrnbr": "480889",
          "ordrdt": "2019-11-20",
          "impind": "N",
          "xmitstcd": "3",
          "xmitstttx": {
            "xmitstattext": "Transmitted"
          },
          "xmitmthdcd": "A",
          "xmitmtdtx": {
            "xmitmthdtext": "edi"
          },
          "frtpmttypcd": "2",
          "frtpmttytext": "Prepaid",
          "ordroffid": "1",
          "postcd": "800",
          "postatcdtext": "Active",
          "pocrtts": "2019-11-20-08.25.42.199000",
          "poclsdt": "",
          "mancrtind": "N",
          "crtusrid": "",
          "crtsysid": "GRS",
          "lchguid": "GL9507",
          "lchgts": "2019-11-28-08.22.42.000000",
          "edlckind": "N",
          "edlckuid": "",
          "edlockts": "",
          "edblckrsncd": "9",
          "scaccd": "BPTP",
          "trnmodecd": "3",
          "bhaulind": "N",
          "delgtindt": "2019-11-28",
          "delgtintm": "04.55.00",
          "untcd": "PAL",
          "dcs2kind": "Y",
          "cntrctcarrind": "N",
          "dcapptdt": "2019-11-28",
          "dcappttm": "06.00.00",
          "whseareacd": "30",
          "whseareatext": "1P - PERISH",
          "wrkordrnbr": "",
          "calotbyrnbr": "2019",
          "calotbmthnbr": "11",
          "mabddate": "2019-11-28",
          "mabdtime": "00.00.00",
          "dnsbdate": "2019-11-27",
          "dnsadate": "2019-11-27",
          "dnrbdate": "2019-11-28",
          "dnrbtime": "00.00.00",
          "wmotbyrnbr": "2019",
          "wmotbmthnbr": "12",
          "crtrsncd": "",
          "crhrsntxt": {
            "crhrsncdtext": ""
          },
          "comngind": "Y",
          "manrplnordrind": "",
          "dcs2frghtcd": "000",
          "rowchgts": "2019-12-13-02.59.32.427646",
          "omssuppymtterm": [
            {
              "oponmbr": "0435899992",
              "vndrnmbr": "913913",
              "vndrdeptnmbr": "94",
              "vndrseqnmbr": "3",
              "pymttermcd": "1",
              "eomind": "N",
              "discdayqty": "0",
              "discpct": ".0000",
              "netpymtdayqty": "30",
              "termtxt": "",
              "doiind": "N",
              "ovrrdind": "N",
              "crtuserid": "GRS",
              "crttms": "2019-11-20-08.25.42.214000",
              "lchgusrid": "",
              "lchgtms": ""
            }
          ],
          "OMSTotals": [
            {
              "ttlCubeRcvd": "402.8800",
              "ttlInvtNetRcvd": "6993.6000",
              "ttlInvNetRcvd": "6993.6000",
              "ttlItmsRcvd": "3",
              "ttlListRcvd": "6993.6000",
              "ttlShipCaseRcvd": "460.0000",
              "ttlVndrCaseRcvd": "460.0000",
              "ttlPoLines": "3",
              "ttlLineWeightDue": "5750.0000",
              "ttlLineCubeDue": "403.0000",
              "ttlListDue": "6993.6000",
              "ttlShipCaseDue": "460.0000",
              "ttlVndrCaseDue": "460.0000",
              "ttlWeightRcvd": "5750.0000",
              "ttlInvtNetDue": "6993.6000",
              "ttlItemDue": "3",
              "ttlPltOrdQty": "5"
            }
          ],
          "omspoagrallow": [],
          "omsdcrcvr": [
            {
              "rcvrnbr": "901033",
              "oponbr": "0435899992",
              "dcnbr": "32610",
              "cntrycd": "US",
              "subordrnbr": "336442886",
              "bolvnpkqty": "460",
              "bolwghtqty": "5750.0000",
              "vnpkrcvqty": "460",
              "ovrqty": "",
              "shrtqty": "",
              "dmgdqty": "",
              "carrpckupdt": "2019-11-28",
              "rcvddt": "2019-11-28",
              "rcvdtm": "05.29.36",
              "freeastrayind": "N",
              "cnsldtrind": "N",
              "claimreqind": "N",
              "plltkptqty": "8",
              "frtpymnttypcd": "2",
              "frtpymtdcrtxt": "Prepaid",
              "trlrnbr": {
                "trlrnbrtxt": ""
              },
              "carrcd": {
                "carrcdtxt": "BPTP"
              },
              "pronbr": {
                "pronbrtext": ""
              },
              "prodate": "2019-11-28",
              "apptnbr": "",
              "rcvrlckind": "N"
            }
          ],
          "omspocharge": [],
          "subpoext": [
            {
              "potypecd": "20"
            }
          ],
          "subpocmt": [
            {
              "subordrnmbr": "",
              "eachcmt": [
                {
                  "cmtseqnbr": "1",
                  "cmttypcd": "V",
                  "cmnt": {
                    "cmttxt": ""
                  },
                  "chginit": "",
                  "lchgdt": "",
                  "chgtm": ""
                },
                {
                  "cmtseqnbr": "2",
                  "cmttypcd": "W",
                  "cmnt": {
                    "cmttxt": "000"
                  },
                  "chginit": "",
                  "lchgdt": "",
                  "chgtm": ""
                },
                {
                  "cmtseqnbr": "3",
                  "cmttypcd": "W",
                  "cmnt": {
                    "cmttxt": ""
                  },
                  "chginit": "",
                  "lchgdt": "",
                  "chgtm": ""
                },
                {
                  "cmtseqnbr": "4",
                  "cmttypcd": "W",
                  "cmnt": {
                    "cmttxt": ""
                  },
                  "chginit": "",
                  "lchgdt": "",
                  "chgtm": ""
                }
              ]
            }
          ],
          "omspol": [
            {
              "oponbr": "0435899992",
              "opolnbr": "1",
              "vndrnbr": "295163",
              "vndrdptnbr": "98",
              "vndrseqnbr": "0",
              "vndrstckid": {
                "vndrstckidtxt": "354600"
              },
              "appvvnpkordqty": "50",
              "vnpkordqty": "1000",
              "itmnbr": "9491108",
              "vrblewtind": "N",
              "ordrdptnbr": "94",
              "acctgdptnbr": "94",
              "acctgdpnbrtxt": "PRODUCE",
              "itm1dsc": {
                "itm1dsctxt": "TOM COCKTAIL 10 HO"
              },
              "itm2dsc": {
                "itm2dsctxt": ""
              },
              "shlflbl1colrdsc": {
                "shlflbl1clrdsctxt": ""
              },
              "shlflbl2szdsc": {
                "shlflbl2szdsctxt": "EA"
              },
              "vnpkcbqty": ".8520",
              "vnpkcbuomcd": "CF",
              "vnpkcstamt": "23.8900",
              "vnpkqty": "40",
              "vnpkwtqty": "10.0000",
              "vnpkwtqtyuomcd": "LB",
              "whpkqty": "40",
              "cmmdtyid": "113",
              "byruid": "D4FOX",
              "assrtmnttypcd": "",
              "assrtmnttytxt": "",
              "shlflfedysqty": "3",
              "chnlmthdcd": "2",
              "chnmthtxt": {
                "chnmthdtext": "Staplestock"
              },
              "hzmtid": "",
              "clotbyrnbr": "2019",
              "clotbmthnbr": "11",
              "poevtabbr": {
                "poevtapprtxt": "POS REPLEN"
              },
              "tbevtind": "N",
              "ordrgrpid": "806803281",
              "ldgrpid": "110028222",
              "basdivnbr": "1",
              "ntfrstcstamt": "23.8900",
              "polnstcd": "1100",
              "polstcdtx": {
                "polnstcdtext": "RECEIVED"
              },
              "polinecreatets": "2019-11-20-08.25.42.242000",
              "mancrtind": "N",
              "crtuid": "",
              "crtsid": "GRS",
              "lchguid": "GRS",
              "lchgts": "2019-11-20-08.25.42.242000",
              "vnpkrcvqty": "50",
              "rcvdwgtqty": ".0000",
              "vnpknetwgtqty": "",
              "drugctlabbr": "",
              "whpkrcvqty": "50",
              "appvwhpkordqty": "50",
              "whpkordqty": "50",
              "wmotbyrnbr": "2019",
              "wmotbmnthnbr": "12",
              "crtrsncd": "",
              "crtrsntxt": {
                "crtrencdtext": ""
              },
              "edrsncd": "",
              "edtrsntxt": {
                "edtrsncdtext": ""
              },
              "snlind": "N",
              "smppoind": "N",
              "ltlind": "Y",
              "vndrpoolid": "",
              "fobpttypcc": "W",
              "evttypcd": "",
              "omsqltyhldcd": "",
              "omsqlttxt": {
                "omsqltcdtext": ""
              },
              "payfrmscnind": "N",
              "fnlnenbr": "7814",
              "sclassnbr": "0",
              "vnpkcstuomcd": "CA",
              "promobuyind": "N",
              "baseunitrtlamt": "2.9800",
              "plttiqty": "5",
              "plthiqty": "20",
              "omspolnallw": [],
              "omspolinedest": [
                {
                  "oponbr": "0435899992",
                  "opolinenbr": "1",
                  "deststorenbr": "32610",
                  "destcntrycd": "US",
                  "appvvnpkordqty": "50",
                  "vnpkordqty": "1000",
                  "whpksellcostamt": "23.8900",
                  "frtfctrpct": "",
                  "frtcostamt": "",
                  "newstrdiscind": "N",
                  "mdsedivnbr": "",
                  "podeststatcd": "800",
                  "podeststttxt": {
                    "podestcdtext": "ACTIVE"
                  },
                  "podestcrtts": "2019-11-20-08.25.42.288000",
                  "mancrtind": "N",
                  "crtuid": "",
                  "crtsid": "GRS",
                  "lchguid": "",
                  "lchgts": "2019-11-28-08.21.48.000000",
                  "vnpkrcvqty": "50",
                  "rcvdwgtqty": ".0000",
                  "whpkrcvqty": "50",
                  "appvwhpkordqty": "50",
                  "whpkordqty": "50",
                  "schedarrdt": "",
                  "schedarrtm": "",
                  "omsrcvrline": [
                    {
                      "rcvrnbr": "901033",
                      "oponbr": "0435899992",
                      "opolinenbr": "1",
                      "dcnbr": "32610",
                      "cntrycd": "US",
                      "omssubordernbr": "336442886",
                      "omssublinenbr": "1",
                      "vnpkrcvqty": "50",
                      "rcvdwgtqty": ".0000",
                      "ovrshrtactncd": "",
                      "dmgdactncd": "",
                      "ovrqty": "",
                      "shrtqty": "",
                      "dmgdqty": "",
                      "whpksellcostamt": "23.8900",
                      "pymtauthprtind": "N",
                      "lupdtdt": "2019-11-28",
                      "lupdttm": "08.21.48",
                      "whpkrcvqty": "50",
                      "bolvnpkqty": "50"
                    }
                  ]
                }
              ],
              "omspolinecharge": []
            },
            {
              "oponbr": "0435899992",
              "opolnbr": "2",
              "vndrnbr": "295163",
              "vndrdptnbr": "98",
              "vndrseqnbr": "0",
              "vndrstckid": {
                "vndrstckidtxt": "554572095"
              },
              "appvvnpkordqty": "400",
              "vnpkordqty": "1000",
              "itmnbr": "9491108",
              "vrblewtind": "N",
              "ordrdptnbr": "94",
              "acctgdptnbr": "94",
              "acctgdpnbrtxt": "PRODUCE",
              "itm1dsc": {
                "itm1dsctxt": "TOM TOV BULK 13 HO"
              },
              "itm2dsc": {
                "itm2dsctxt": ""
              },
              "shlflbl1colrdsc": {
                "shlflbl1clrdsctxt": ""
              },
              "shlflbl2szdsc": {
                "shlflbl2szdsctxt": "LB"
              },
              "vnpkcbqty": ".8840",
              "vnpkcbuomcd": "CF",
              "vnpkcstamt": "13.9000",
              "vnpkqty": "40",
              "vnpkwtqty": "13.0000",
              "vnpkwtqtyuomcd": "LB",
              "whpkqty": "40",
              "cmmdtyid": "113",
              "byruid": "D4FOX",
              "assrtmnttypcd": "",
              "assrtmnttytxt": "",
              "shlflfedysqty": "2",
              "chnlmthdcd": "2",
              "chnmthtxt": {
                "chnmthdtext": "Staplestock"
              },
              "hzmtid": "",
              "clotbyrnbr": "2019",
              "clotbmthnbr": "11",
              "poevtabbr": {
                "poevtapprtxt": "POS REPLEN"
              },
              "tbevtind": "N",
              "ordrgrpid": "806803281",
              "ldgrpid": "110028222",
              "basdivnbr": "1",
              "ntfrstcstamt": "13.9000",
              "polnstcd": "1100",
              "polstcdtx": {
                "polnstcdtext": "RECEIVED"
              },
              "polinecreatets": "2019-11-20-08.25.42.242000",
              "mancrtind": "N",
              "crtuid": "",
              "crtsid": "GRS",
              "lchguid": "GRS",
              "lchgts": "2019-11-20-08.25.42.242000",
              "vnpkrcvqty": "400",
              "rcvdwgtqty": ".0000",
              "vnpknetwgtqty": "",
              "drugctlabbr": "",
              "whpkrcvqty": "400",
              "appvwhpkordqty": "400",
              "whpkordqty": "400",
              "wmotbyrnbr": "2019",
              "wmotbmnthnbr": "12",
              "crtrsncd": "",
              "crtrsntxt": {
                "crtrencdtext": ""
              },
              "edrsncd": "",
              "edtrsntxt": {
                "edtrsncdtext": ""
              },
              "snlind": "N",
              "smppoind": "N",
              "ltlind": "Y",
              "vndrpoolid": "",
              "fobpttypcc": "W",
              "evttypcd": "",
              "omsqltyhldcd": "",
              "omsqlttxt": {
                "omsqltcdtext": ""
              },
              "payfrmscnind": "N",
              "fnlnenbr": "7810",
              "sclassnbr": "0",
              "vnpkcstuomcd": "CA",
              "promobuyind": "Y",
              "baseunitrtlamt": "1.9800",
              "plttiqty": "5",
              "plthiqty": "20",
              "omspolnallw": [],
              "omspolinedest": [
                {
                  "oponbr": "0435899992",
                  "opolinenbr": "2",
                  "deststorenbr": "32610",
                  "destcntrycd": "US",
                  "appvvnpkordqty": "400",
                  "vnpkordqty": "1000",
                  "whpksellcostamt": "13.9000",
                  "frtfctrpct": "",
                  "frtcostamt": "",
                  "newstrdiscind": "N",
                  "mdsedivnbr": "",
                  "podeststatcd": "800",
                  "podeststttxt": {
                    "podestcdtext": "ACTIVE"
                  },
                  "podestcrtts": "2019-11-20-08.25.42.288000",
                  "mancrtind": "N",
                  "crtuid": "",
                  "crtsid": "GRS",
                  "lchguid": "",
                  "lchgts": "2019-11-28-08.21.59.000000",
                  "vnpkrcvqty": "400",
                  "rcvdwgtqty": ".0000",
                  "whpkrcvqty": "400",
                  "appvwhpkordqty": "400",
                  "whpkordqty": "400",
                  "schedarrdt": "",
                  "schedarrtm": "",
                  "omsrcvrline": [
                    {
                      "rcvrnbr": "901033",
                      "oponbr": "0435899992",
                      "opolinenbr": "2",
                      "dcnbr": "32610",
                      "cntrycd": "US",
                      "omssubordernbr": "336442886",
                      "omssublinenbr": "2",
                      "vnpkrcvqty": "400",
                      "rcvdwgtqty": ".0000",
                      "ovrshrtactncd": "",
                      "dmgdactncd": "",
                      "ovrqty": "",
                      "shrtqty": "",
                      "dmgdqty": "",
                      "whpksellcostamt": "13.9000",
                      "pymtauthprtind": "N",
                      "lupdtdt": "2019-11-28",
                      "lupdttm": "08.21.59",
                      "whpkrcvqty": "400",
                      "bolvnpkqty": "400"
                    }
                  ]
                }
              ],
              "omspolinecharge": []
            },
            {
              "oponbr": "0435899992",
              "opolnbr": "3",
              "vndrnbr": "295163",
              "vndrdptnbr": "98",
              "vndrseqnbr": "0",
              "vndrstckid": {
                "vndrstckidtxt": "554572095"
              },
              "appvvnpkordqty": "400",
              "vnpkordqty": "1000",
              "itmnbr": "555118362",
              "vrblewtind": "N",
              "ordrdptnbr": "94",
              "acctgdptnbr": "94",
              "acctgdpnbrtxt": "PRODUCE",
              "itm1dsc": {
                "itm1dsctxt": "TOM TOV BULK 13 HO"
              },
              "itm2dsc": {
                "itm2dsctxt": ""
              },
              "shlflbl1colrdsc": {
                "shlflbl1clrdsctxt": ""
              },
              "shlflbl2szdsc": {
                "shlflbl2szdsctxt": "LB"
              },
              "vnpkcbqty": ".8840",
              "vnpkcbuomcd": "CF",
              "vnpkcstamt": "13.9000",
              "vnpkqty": "10",
              "vnpkwtqty": "13.0000",
              "vnpkwtqtyuomcd": "LB",
              "whpkqty": "10",
              "cmmdtyid": "113",
              "byruid": "D4FOX",
              "assrtmnttypcd": "",
              "assrtmnttytxt": "",
              "shlflfedysqty": "2",
              "chnlmthdcd": "2",
              "chnmthtxt": {
                "chnmthdtext": "Staplestock"
              },
              "hzmtid": "",
              "clotbyrnbr": "2019",
              "clotbmthnbr": "11",
              "poevtabbr": {
                "poevtapprtxt": "POS REPLEN"
              },
              "tbevtind": "N",
              "ordrgrpid": "806803281",
              "ldgrpid": "110028222",
              "basdivnbr": "1",
              "ntfrstcstamt": "13.9000",
              "polnstcd": "1100",
              "polstcdtx": {
                "polnstcdtext": "RECEIVED"
              },
              "polinecreatets": "2019-11-20-08.25.42.242000",
              "mancrtind": "N",
              "crtuid": "",
              "crtsid": "GRS",
              "lchguid": "GRS",
              "lchgts": "2019-11-20-08.25.42.242000",
              "vnpkrcvqty": "400",
              "rcvdwgtqty": ".0000",
              "vnpknetwgtqty": "",
              "drugctlabbr": "",
              "whpkrcvqty": "400",
              "appvwhpkordqty": "400",
              "whpkordqty": "400",
              "wmotbyrnbr": "2019",
              "wmotbmnthnbr": "12",
              "crtrsncd": "",
              "crtrsntxt": {
                "crtrencdtext": ""
              },
              "edrsncd": "",
              "edtrsntxt": {
                "edtrsncdtext": ""
              },
              "snlind": "N",
              "smppoind": "N",
              "ltlind": "Y",
              "vndrpoolid": "",
              "fobpttypcc": "W",
              "evttypcd": "",
              "omsqltyhldcd": "",
              "omsqlttxt": {
                "omsqltcdtext": ""
              },
              "payfrmscnind": "N",
              "fnlnenbr": "7810",
              "sclassnbr": "0",
              "vnpkcstuomcd": "CA",
              "promobuyind": "N",
              "baseunitrtlamt": "1.9800",
              "plttiqty": "5",
              "plthiqty": "20",
              "omspolnallw": [],
              "omspolinedest": [
                {
                  "oponbr": "0435899992",
                  "opolinenbr": "2",
                  "deststorenbr": "32610",
                  "destcntrycd": "US",
                  "appvvnpkordqty": "400",
                  "vnpkordqty": "1000",
                  "whpksellcostamt": "13.9000",
                  "frtfctrpct": "",
                  "frtcostamt": "",
                  "newstrdiscind": "N",
                  "mdsedivnbr": "",
                  "podeststatcd": "800",
                  "podeststttxt": {
                    "podestcdtext": "ACTIVE"
                  },
                  "podestcrtts": "2019-11-20-08.25.42.288000",
                  "mancrtind": "N",
                  "crtuid": "",
                  "crtsid": "GRS",
                  "lchguid": "",
                  "lchgts": "2019-11-28-08.21.59.000000",
                  "vnpkrcvqty": "400",
                  "rcvdwgtqty": ".0000",
                  "whpkrcvqty": "400",
                  "appvwhpkordqty": "400",
                  "whpkordqty": "400",
                  "schedarrdt": "",
                  "schedarrtm": "",
                  "omsrcvrline": [
                    {
                      "rcvrnbr": "901033",
                      "oponbr": "0435899992",
                      "opolinenbr": "2",
                      "dcnbr": "32610",
                      "cntrycd": "US",
                      "omssubordernbr": "336442886",
                      "omssublinenbr": "2",
                      "vnpkrcvqty": "400",
                      "rcvdwgtqty": ".0000",
                      "ovrshrtactncd": "",
                      "dmgdactncd": "",
                      "ovrqty": "",
                      "shrtqty": "",
                      "dmgdqty": "",
                      "whpksellcostamt": "13.9000",
                      "pymtauthprtind": "N",
                      "lupdtdt": "2019-11-28",
                      "lupdttm": "08.21.59",
                      "whpkrcvqty": "400",
                      "bolvnpkqty": "400"
                    }
                  ]
                }
              ],
              "omspolinecharge": []
            }
          ]
        },
        "sto": {
          "storcvr": [],
          "stoallcrcvr": [],
          "stoactivity": [],
          "STOTotals": [],
          "stocharge": []
        },
        "OMSAllocOrder": []
      }
    ]
  }
}
